Started Server Mon Nov 27 18:34:27 CET 2023,
Stopped Server Mon Nov 27 18:34:28 CET 2023,
Started Server Mon Nov 27 18:34:29 CET 2023,
Stopped Server Mon Nov 27 18:34:29 CET 2023,
Started Server Mon Nov 27 18:34:30 CET 2023,
Stopped Server Mon Nov 27 18:34:30 CET 2023,
Started Server Mon Nov 27 18:34:30 CET 2023,
Stopped Server Mon Nov 27 18:34:31 CET 2023,
Started Server Mon Nov 27 18:34:31 CET 2023,
Stopped Server Mon Nov 27 18:34:31 CET 2023,
Started Server Mon Nov 27 18:34:31 CET 2023,
Stopped Server Mon Nov 27 18:34:32 CET 2023,
Started Server Mon Nov 27 18:34:32 CET 2023,
Stopped Server Mon Nov 27 18:34:32 CET 2023,
Started Server Mon Nov 27 18:34:32 CET 2023,
Stopped Server Mon Nov 27 18:34:32 CET 2023,
Started Server Mon Nov 27 18:34:32 CET 2023,
Stopped Server Mon Nov 27 18:34:33 CET 2023,
Started Server Mon Nov 27 18:34:33 CET 2023,
Stopped Server Mon Nov 27 18:34:33 CET 2023,
Started Server Mon Nov 27 18:34:34 CET 2023,
Stopped Server Mon Nov 27 18:34:34 CET 2023,
Started Server Mon Nov 27 18:34:34 CET 2023,
Stopped Server Mon Nov 27 18:34:35 CET 2023,
Started Server Mon Nov 27 18:34:35 CET 2023,
Stopped Server Mon Nov 27 18:34:35 CET 2023,
Started Server Mon Nov 27 18:34:51 CET 2023,
Stopped Server Mon Nov 27 18:34:52 CET 2023,
Started Server Mon Nov 27 18:34:54 CET 2023,
Stopped Server Mon Nov 27 18:34:54 CET 2023,
Started Server Mon Nov 27 18:35:00 CET 2023,
Stopped Server Mon Nov 27 18:35:02 CET 2023,
Started Server Mon Nov 27 18:35:03 CET 2023,
Stopped Server Mon Nov 27 18:35:04 CET 2023,
Started Server Mon Nov 27 18:35:05 CET 2023,
Stopped Server Mon Nov 27 18:35:06 CET 2023,
Started Server Mon Nov 27 18:35:07 CET 2023,
Stopped Server Mon Nov 27 18:35:08 CET 2023,
Started Server Mon Nov 27 18:35:10 CET 2023,
Stopped Server Mon Nov 27 18:35:11 CET 2023,
Started Server Mon Nov 27 18:35:11 CET 2023,
Stopped Server Mon Nov 27 18:35:12 CET 2023,
Started Server Mon Nov 27 18:35:13 CET 2023,
Stopped Server Mon Nov 27 18:35:13 CET 2023,
Started Server Mon Nov 27 18:35:15 CET 2023,
Stopped Server Mon Nov 27 18:35:15 CET 2023,
Started Server Mon Nov 27 18:35:18 CET 2023,
Stopped Server Mon Nov 27 18:35:20 CET 2023,
Started Server Mon Nov 27 18:35:22 CET 2023,
Stopped Server Mon Nov 27 18:35:25 CET 2023,
Started Server Mon Nov 27 18:35:28 CET 2023,
Stopped Server Mon Nov 27 18:35:28 CET 2023,
Started Server Mon Nov 27 18:35:29 CET 2023,
Stopped Server Mon Nov 27 18:35:29 CET 2023,
Started Server Mon Nov 27 18:35:31 CET 2023,
Stopped Server Mon Nov 27 18:35:39 CET 2023,
Started Server Mon Nov 27 18:35:40 CET 2023,
Stopped Server Mon Nov 27 18:35:40 CET 2023,
